id,titulo,texto,categoria,palabras_clave,nivel_dificultad,fuente
1,Automatización de despliegues con Ansible,"Tutorial avanzado de Automatización de despliegues con Ansible. Exploramos la integración de Grafana con Nginx para construir soluciones robustas. Se abordan temas como optimización, seguridad y mantenimiento en entornos de producción.",DevOps,"Grafana, Nginx, GitHub Actions, Kubernetes",Avanzado,Blog técnico
2,Visualización de datos avanzada con Seaborn,"Documentación técnica sobre Visualización de datos avanzada con Seaborn. Se detallan las configuraciones necesarias para clustering y Python, incluyendo troubleshooting de errores frecuentes y estrategias de monitoreo. El contenido también cubre errores comunes al usar Python.",Data Science,"clustering, Python, Seaborn, visualización",Avanzado,Wiki interna
3,Uso de Redis como capa de caché en aplicaciones web,"Guía completa sobre Uso de Redis como capa de caché en aplicaciones web. Aprenderás a trabajar con Django, Spring Boot y Java desde cero. Incluye ejercicios prácticos, mejores prácticas de la industria y consejos para evitar errores comunes en proyectos de Backend. Se incluyen ejemplos usando JWT y Go.",Backend,"Django, Spring Boot, Java, FastAPI, microservicios",Intermedio,Curso online
4,Series temporales y forecasting,"Deep dive sobre Series temporales y forecasting. Analizamos arquitecturas modernas que combinan PyTorch y clustering. Se incluyen diagramas, flujos de trabajo y recomendaciones para escalar soluciones en Data Science.",Data Science,"PyTorch, clustering, machine learning, Matplotlib",Avanzado,Medium
5,Diseño responsive con Tailwind CSS,"Deep dive sobre Diseño responsive con Tailwind CSS. Analizamos arquitecturas modernas que combinan JavaScript y UI/UX. Se incluyen diagramas, flujos de trabajo y recomendaciones para escalar soluciones en Frontend.",Frontend,"JavaScript, UI/UX, SSR, TypeScript",Básico,Medium
6,Publicación de apps en App Store y Google Play,"Serie de tutoriales: Publicación de apps en App Store y Google Play. Parte 1: configuración inicial con Firebase. Parte 2: integración con App Store. Parte 3: despliegue y monitoreo en producción. Enfoque práctico para Mobile. Además, se discute la integración con Google Play.",Mobile,"Firebase, App Store, API móvil, Google Play",Básico,Blog técnico
7,Pruebas unitarias en aplicaciones Kotlin,"Introducción práctica a Pruebas unitarias en aplicaciones Kotlin. Este material cubre desde los conceptos básicos hasta técnicas avanzadas usando Google Play, BLoC y estado. Perfecto para equipos que inician proyectos de Mobile.",Mobile,"Google Play, BLoC, estado, React Native",Básico,Curso online
8,Patrones de diseño en aplicaciones backend,"Artículo técnico sobre Patrones de diseño en aplicaciones backend. Comparativa entre Go y Redis: ventajas, desventajas y casos de uso. Incluye benchmarks y recomendaciones para elegir la herramienta adecuada en Backend. Finalmente, se revisan consideraciones de rendimiento con Django.",Backend,"Go, Redis, Python",Básico,Wiki interna
9,Orquestación de contenedores con Kubernetes,"Workshop práctico: Orquestación de contenedores con Kubernetes. Trabajaremos con pipelines, Linux y AWS en un proyecto real. Se enfoca en la resolución de problemas comunes y la aplicación de patrones de diseño en DevOps.",DevOps,"pipelines, Linux, AWS, infraestructura como código",Básico,Medium
10,Sharding horizontal en bases de datos distribuidas,"En este contenido se presentan los conceptos fundamentales de Sharding horizontal en bases de datos distribuidas. Se explica paso a paso cómo implementar soluciones prácticas utilizando indexación y procedimientos almacenados, con ejemplos de código y casos de uso reales. Ideal para profesionales que buscan fortalecer sus habilidades en Bases de Datos.",Bases de Datos,"indexación, procedimientos almacenados, migración, SQL, normalización",Avanzado,Dev.to
11,Diseño responsive con Tailwind CSS,"Guía completa sobre Diseño responsive con Tailwind CSS. Aprenderás a trabajar con CSS, DOM y responsive desde cero. Incluye ejercicios prácticos, mejores prácticas de la industria y consejos para evitar errores comunes en proyectos de Frontend.",Frontend,"CSS, DOM, responsive, HTML5",Avanzado,Documentación oficial
12,Desarrollo de apps multiplataforma con Flutter,"Workshop práctico: Desarrollo de apps multiplataforma con Flutter. Trabajaremos con BLoC, Kotlin y Swift en un proyecto real. Se enfoca en la resolución de problemas comunes y la aplicación de patrones de diseño en Mobile.",Mobile,"BLoC, Kotlin, Swift, cámara",Avanzado,Medium
13,Manejo de transacciones y concurrencia en bases de datos,"En este contenido se presentan los conceptos fundamentales de Manejo de transacciones y concurrencia en bases de datos. Se explica paso a paso cómo implementar soluciones prácticas utilizando Kubernetes y GraphQL, con ejemplos de código y casos de uso reales. Ideal para profesionales que buscan fortalecer sus habilidades en Backend.",Backend,"Kubernetes, GraphQL, MySQL",Intermedio,Dev.to
14,Orquestación de contenedores con Kubernetes,"Documentación técnica sobre Orquestación de contenedores con Kubernetes. Se detallan las configuraciones necesarias para Prometheus y logs, incluyendo troubleshooting de errores frecuentes y estrategias de monitoreo. Se incluyen ejemplos usando Kubernetes y AWS.",DevOps,"Prometheus, logs, bash, pipelines, Grafana",Avanzado,Wiki interna
15,Despliegue de aplicaciones en Google Cloud Run,"Introducción práctica a Despliegue de aplicaciones en Google Cloud Run. Este material cubre desde los conceptos básicos hasta técnicas avanzadas usando almacenamiento, serverless y cloud native. Perfecto para equipos que inician proyectos de Cloud. Además, se discute la integración con autoescalado.",Cloud,"almacenamiento, serverless, cloud native, GCP, Lambda",Intermedio,Wiki interna
16,Arquitectura Zero Trust para empresas,"En este contenido se presentan los conceptos fundamentales de Arquitectura Zero Trust para empresas. Se explica paso a paso cómo implementar soluciones prácticas utilizando hashing y auditoría, con ejemplos de código y casos de uso reales. Ideal para profesionales que buscan fortalecer sus habilidades en Seguridad.",Seguridad,"hashing, auditoría, vulnerabilidades, criptografía, pentesting",Intermedio,Documentación oficial
17,Migración de datos entre sistemas heterogéneos,"Serie de tutoriales: Migración de datos entre sistemas heterogéneos. Parte 1: configuración inicial con Cassandra. Parte 2: integración con ACID. Parte 3: despliegue y monitoreo en producción. Enfoque práctico para Bases de Datos. Además, se discute la integración con NoSQL.",Bases de Datos,"Cassandra, ACID, replicación, sharding",Intermedio,Tutorial
18,Gestión de sesiones y autenticación JWT en Node.js,"Tutorial avanzado de Gestión de sesiones y autenticación JWT en Node.js. Exploramos la integración de Go con FastAPI para construir soluciones robustas. Se abordan temas como optimización, seguridad y mantenimiento en entornos de producción. Además, se discute la integración con ORM.",Backend,"Go, FastAPI, Docker",Básico,Blog técnico
19,Despliegue de aplicaciones en Google Cloud Run,"Artículo técnico sobre Despliegue de aplicaciones en Google Cloud Run. Comparativa entre serverless y S3: ventajas, desventajas y casos de uso. Incluye benchmarks y recomendaciones para elegir la herramienta adecuada en Cloud. Finalmente, se revisan consideraciones de rendimiento con IAM.",Cloud,"serverless, S3, EC2, Lambda",Intermedio,Dev.to
20,Auditoría de seguridad en aplicaciones web,"Documentación técnica sobre Auditoría de seguridad en aplicaciones web. Se detallan las configuraciones necesarias para GDPR y OWASP, incluyendo troubleshooting de errores frecuentes y estrategias de monitoreo.",Seguridad,"GDPR, OWASP, VPN, certificados, encriptación",Avanzado,Curso online
21,Integración de Firebase en aplicaciones Android,Serie de tutoriales: Integración de Firebase en aplicaciones Android. Parte 1: configuración inicial con Swift. Parte 2: integración con iOS. Parte 3: despliegue y monitoreo en producción. Enfoque práctico para Mobile.,Mobile,"Swift, iOS, Flutter, API móvil, estado",Básico,Blog técnico
22,Redes neuronales con TensorFlow y Keras,"Artículo técnico sobre Redes neuronales con TensorFlow y Keras. Comparativa entre regresión y modelos: ventajas, desventajas y casos de uso. Incluye benchmarks y recomendaciones para elegir la herramienta adecuada en Data Science.",Data Science,"regresión, modelos, visualización",Básico,Blog técnico
23,Configuración de balanceadores de carga con Nginx,"En este contenido se presentan los conceptos fundamentales de Configuración de balanceadores de carga con Nginx. Se explica paso a paso cómo implementar soluciones prácticas utilizando Kubernetes y Azure, con ejemplos de código y casos de uso reales. Ideal para profesionales que buscan fortalecer sus habilidades en DevOps.",DevOps,"Kubernetes, Azure, Terraform, Nginx, pipelines",Intermedio,Dev.to
24,Publicación de apps en App Store y Google Play,"Curso intensivo de Publicación de apps en App Store y Google Play. Domina BLoC, GPS y API móvil a través de proyectos prácticos. Al finalizar, serás capaz de diseñar e implementar soluciones profesionales en el área de Mobile.",Mobile,"BLoC, GPS, API móvil",Básico,Dev.to
25,Orquestación de contenedores con Kubernetes,"Workshop práctico: Orquestación de contenedores con Kubernetes. Trabajaremos con Kubernetes, despliegue y logs en un proyecto real. Se enfoca en la resolución de problemas comunes y la aplicación de patrones de diseño en DevOps. El contenido también cubre errores comunes al usar Terraform.",DevOps,"Kubernetes, despliegue, logs, Grafana",Intermedio,Curso online
26,Implementación de GraphQL en APIs existentes,"Guía completa sobre Implementación de GraphQL en APIs existentes. Aprenderás a trabajar con Java, FastAPI y Spring Boot desde cero. Incluye ejercicios prácticos, mejores prácticas de la industria y consejos para evitar errores comunes en proyectos de Backend. Se incluyen ejemplos usando ORM y Express.",Backend,"Java, FastAPI, Spring Boot",Intermedio,Wiki interna
27,Construcción de interfaces con React y TypeScript,"Guía completa sobre Construcción de interfaces con React y TypeScript. Aprenderás a trabajar con Angular, Vue.js y hooks desde cero. Incluye ejercicios prácticos, mejores prácticas de la industria y consejos para evitar errores comunes en proyectos de Frontend. El contenido también cubre errores comunes al usar TypeScript.",Frontend,"Angular, Vue.js, hooks",Básico,Dev.to
28,Uso de Redis como base de datos en memoria,"Tutorial avanzado de Uso de Redis como base de datos en memoria. Exploramos la integración de PostgreSQL con transacciones para construir soluciones robustas. Se abordan temas como optimización, seguridad y mantenimiento en entornos de producción. Además, se discute la integración con consultas.",Bases de Datos,"PostgreSQL, transacciones, SQL, sharding",Básico,Tutorial
29,Gestión de identidades y accesos con IAM,"Artículo técnico sobre Gestión de identidades y accesos con IAM. Comparativa entre IAM y serverless: ventajas, desventajas y casos de uso. Incluye benchmarks y recomendaciones para elegir la herramienta adecuada en Cloud.",Cloud,"IAM, serverless, almacenamiento",Básico,Curso online
30,Auditoría de seguridad en aplicaciones web,"Tutorial avanzado de Auditoría de seguridad en aplicaciones web. Exploramos la integración de ciberseguridad con autorización para construir soluciones robustas. Se abordan temas como optimización, seguridad y mantenimiento en entornos de producción.",Seguridad,"ciberseguridad, autorización, criptografía, certificados, VPN",Básico,Blog técnico
31,Gestión de estado global con Redux Toolkit,"Guía completa sobre Gestión de estado global con Redux Toolkit. Aprenderás a trabajar con responsive, Next.js y JavaScript desde cero. Incluye ejercicios prácticos, mejores prácticas de la industria y consejos para evitar errores comunes en proyectos de Frontend. Se incluyen ejemplos usando DOM y TypeScript.",Frontend,"responsive, Next.js, JavaScript",Intermedio,Curso online
32,Estrategias de backup y recuperación de desastres,"Documentación técnica sobre Estrategias de backup y recuperación de desastres. Se detallan las configuraciones necesarias para EC2 y Cloud Functions, incluyendo troubleshooting de errores frecuentes y estrategias de monitoreo.",Cloud,"EC2, Cloud Functions, autoescalado, alta disponibilidad",Avanzado,Tutorial
33,Accesibilidad web: WCAG y buenas prácticas,"Guía completa sobre Accesibilidad web: WCAG y buenas prácticas. Aprenderás a trabajar con CSS, Vue.js y SPA desde cero. Incluye ejercicios prácticos, mejores prácticas de la industria y consejos para evitar errores comunes en proyectos de Frontend. Además, se discute la integración con HTML5.",Frontend,"CSS, Vue.js, SPA, Angular, UI/UX",Avanzado,Documentación oficial
34,Criptografía asimétrica y firma digital,Serie de tutoriales: Criptografía asimétrica y firma digital. Parte 1: configuración inicial con OWASP. Parte 2: integración con certificados. Parte 3: despliegue y monitoreo en producción. Enfoque práctico para Seguridad.,Seguridad,"OWASP, certificados, firewall",Básico,Curso online
35,Visualización de datos avanzada con Seaborn,"Documentación técnica sobre Visualización de datos avanzada con Seaborn. Se detallan las configuraciones necesarias para Python y ETL, incluyendo troubleshooting de errores frecuentes y estrategias de monitoreo.",Data Science,"Python, ETL, machine learning, NumPy, deep learning",Básico,Medium
36,Uso de Redis como base de datos en memoria,"Introducción práctica a Uso de Redis como base de datos en memoria. Este material cubre desde los conceptos básicos hasta técnicas avanzadas usando consultas, triggers y procedimientos almacenados. Perfecto para equipos que inician proyectos de Bases de Datos. El contenido también cubre errores comunes al usar replicación.",Bases de Datos,"consultas, triggers, procedimientos almacenados, normalización",Avanzado,Medium
37,Gestión de secretos y variables en entornos cloud,"Guía completa sobre Gestión de secretos y variables en entornos cloud. Aprenderás a trabajar con Ansible, AWS y Azure desde cero. Incluye ejercicios prácticos, mejores prácticas de la industria y consejos para evitar errores comunes en proyectos de DevOps.",DevOps,"Ansible, AWS, Azure",Avanzado,Dev.to
38,Construcción de modelos de regresión con Scikit-learn,"Documentación técnica sobre Construcción de modelos de regresión con Scikit-learn. Se detallan las configuraciones necesarias para visualización y Python, incluyendo troubleshooting de errores frecuentes y estrategias de monitoreo. Finalmente, se revisan consideraciones de rendimiento con PyTorch.",Data Science,"visualización, Python, regresión, clustering, Scikit-learn",Avanzado,Dev.to
39,Sharding horizontal en bases de datos distribuidas,"Guía completa sobre Sharding horizontal en bases de datos distribuidas. Aprenderás a trabajar con ORM, NoSQL y ACID desde cero. Incluye ejercicios prácticos, mejores prácticas de la industria y consejos para evitar errores comunes en proyectos de Bases de Datos.",Bases de Datos,"ORM, NoSQL, ACID, backup",Intermedio,Documentación oficial
40,Manejo de transacciones y concurrencia en bases de datos,"Curso intensivo de Manejo de transacciones y concurrencia en bases de datos. Domina Node.js, ORM y Go a través de proyectos prácticos. Al finalizar, serás capaz de diseñar e implementar soluciones profesionales en el área de Backend.",Backend,"Node.js, ORM, Go",Intermedio,Blog técnico
41,Monitoreo de sistemas con Prometheus y Grafana,"Curso intensivo de Monitoreo de sistemas con Prometheus y Grafana. Domina Grafana, monitoring y GitHub Actions a través de proyectos prácticos. Al finalizar, serás capaz de diseñar e implementar soluciones profesionales en el área de DevOps. Finalmente, se revisan consideraciones de rendimiento con CI/CD.",DevOps,"Grafana, monitoring, GitHub Actions, Linux",Básico,Wiki interna
42,Diseño responsive con Tailwind CSS,"Artículo técnico sobre Diseño responsive con Tailwind CSS. Comparativa entre SSR y componentes: ventajas, desventajas y casos de uso. Incluye benchmarks y recomendaciones para elegir la herramienta adecuada en Frontend.",Frontend,"SSR, componentes, SPA, React",Avanzado,Documentación oficial
43,Consumo de APIs REST desde aplicaciones móviles,"Deep dive sobre Consumo de APIs REST desde aplicaciones móviles. Analizamos arquitecturas modernas que combinan React Native y iOS. Se incluyen diagramas, flujos de trabajo y recomendaciones para escalar soluciones en Mobile.",Mobile,"React Native, iOS, BLoC, MVVM, estado",Avanzado,Tutorial
44,Diseño responsive con Tailwind CSS,"Guía completa sobre Diseño responsive con Tailwind CSS. Aprenderás a trabajar con DOM, CSS y responsive desde cero. Incluye ejercicios prácticos, mejores prácticas de la industria y consejos para evitar errores comunes en proyectos de Frontend.",Frontend,"DOM, CSS, responsive, Webpack, React",Avanzado,Blog técnico
45,Principales vulnerabilidades OWASP Top 10,"Tutorial avanzado de Principales vulnerabilidades OWASP Top 10. Exploramos la integración de autenticación con VPN para construir soluciones robustas. Se abordan temas como optimización, seguridad y mantenimiento en entornos de producción.",Seguridad,"autenticación, VPN, SQL injection, ciberseguridad",Básico,Medium
46,Estrategias de backup y recuperación de desastres,Serie de tutoriales: Estrategias de backup y recuperación de desastres. Parte 1: configuración inicial con Cloud Functions. Parte 2: integración con autoescalado. Parte 3: despliegue y monitoreo en producción. Enfoque práctico para Cloud.,Cloud,"Cloud Functions, autoescalado, redes",Avanzado,Curso online
47,Arquitectura de microservicios con Go y gRPC,"Workshop práctico: Arquitectura de microservicios con Go y gRPC. Trabajaremos con Go, Spring Boot y Python en un proyecto real. Se enfoca en la resolución de problemas comunes y la aplicación de patrones de diseño en Backend.",Backend,"Go, Spring Boot, Python, FastAPI, ORM",Avanzado,Medium
48,Implementación de encriptación de datos sensibles,"Guía completa sobre Implementación de encriptación de datos sensibles. Aprenderás a trabajar con XSS, autorización y CSRF desde cero. Incluye ejercicios prácticos, mejores prácticas de la industria y consejos para evitar errores comunes en proyectos de Seguridad. Se incluyen ejemplos usando ciberseguridad y Zero Trust.",Seguridad,"XSS, autorización, CSRF, Zero Trust",Avanzado,Documentación oficial
49,Consumo de APIs REST desde aplicaciones móviles,"Documentación técnica sobre Consumo de APIs REST desde aplicaciones móviles. Se detallan las configuraciones necesarias para widgets y BLoC, incluyendo troubleshooting de errores frecuentes y estrategias de monitoreo. Además, se discute la integración con Google Play.",Mobile,"widgets, BLoC, estado, Swift, React Native",Avanzado,Dev.to
50,Monitoreo de sistemas con Prometheus y Grafana,"En este contenido se presentan los conceptos fundamentales de Monitoreo de sistemas con Prometheus y Grafana. Se explica paso a paso cómo implementar soluciones prácticas utilizando Prometheus y Azure, con ejemplos de código y casos de uso reales. Ideal para profesionales que buscan fortalecer sus habilidades en DevOps.",DevOps,"Prometheus, Azure, AWS, Kubernetes, CI/CD",Intermedio,Wiki interna
51,Redes neuronales con TensorFlow y Keras,"Documentación técnica sobre Redes neuronales con TensorFlow y Keras. Se detallan las configuraciones necesarias para visualización y modelos, incluyendo troubleshooting de errores frecuentes y estrategias de monitoreo.",Data Science,"visualización, modelos, Seaborn, NLP",Básico,Tutorial
52,Configuración de balanceadores de carga con Nginx,"Artículo técnico sobre Configuración de balanceadores de carga con Nginx. Comparativa entre AWS y monitoring: ventajas, desventajas y casos de uso. Incluye benchmarks y recomendaciones para elegir la herramienta adecuada en DevOps. Finalmente, se revisan consideraciones de rendimiento con pipelines.",DevOps,"AWS, monitoring, Jenkins, pipelines, CI/CD",Avanzado,Curso online
53,Animaciones y transiciones CSS avanzadas,"Curso intensivo de Animaciones y transiciones CSS avanzadas. Domina Tailwind, JavaScript y Next.js a través de proyectos prácticos. Al finalizar, serás capaz de diseñar e implementar soluciones profesionales en el área de Frontend.",Frontend,"Tailwind, JavaScript, Next.js, Webpack",Intermedio,Dev.to
54,Consumo de APIs REST desde aplicaciones móviles,Serie de tutoriales: Consumo de APIs REST desde aplicaciones móviles. Parte 1: configuración inicial con Firebase. Parte 2: integración con estado. Parte 3: despliegue y monitoreo en producción. Enfoque práctico para Mobile. Se incluyen ejemplos usando API móvil y Kotlin.,Mobile,"Firebase, estado, Swift, Xcode, Android Studio",Intermedio,Dev.to
55,Automatización de despliegues con Ansible,"Curso intensivo de Automatización de despliegues con Ansible. Domina Docker, pipelines y Ansible a través de proyectos prácticos. Al finalizar, serás capaz de diseñar e implementar soluciones profesionales en el área de DevOps.",DevOps,"Docker, pipelines, Ansible",Avanzado,Documentación oficial
56,Diseño de esquemas relacionales eficientes,Serie de tutoriales: Diseño de esquemas relacionales eficientes. Parte 1: configuración inicial con SQL. Parte 2: integración con triggers. Parte 3: despliegue y monitoreo en producción. Enfoque práctico para Bases de Datos.,Bases de Datos,"SQL, triggers, MongoDB, sharding",Intermedio,Medium
57,Patrones de diseño en aplicaciones backend,"Introducción práctica a Patrones de diseño en aplicaciones backend. Este material cubre desde los conceptos básicos hasta técnicas avanzadas usando PostgreSQL, Express y Go. Perfecto para equipos que inician proyectos de Backend. El contenido también cubre errores comunes al usar Docker.",Backend,"PostgreSQL, Express, Go, Docker",Intermedio,Blog técnico
58,Monitoreo de sistemas con Prometheus y Grafana,"Workshop práctico: Monitoreo de sistemas con Prometheus y Grafana. Trabajaremos con monitoring, logs y escalabilidad en un proyecto real. Se enfoca en la resolución de problemas comunes y la aplicación de patrones de diseño en DevOps.",DevOps,"monitoring, logs, escalabilidad, Azure, bash",Intermedio,Blog técnico
59,Consumo de APIs REST desde aplicaciones móviles,"Artículo técnico sobre Consumo de APIs REST desde aplicaciones móviles. Comparativa entre Kotlin y cámara: ventajas, desventajas y casos de uso. Incluye benchmarks y recomendaciones para elegir la herramienta adecuada en Mobile.",Mobile,"Kotlin, cámara, MVVM, Flutter",Básico,Blog técnico
60,Integración de Firebase en aplicaciones Android,"Serie de tutoriales: Integración de Firebase en aplicaciones Android. Parte 1: configuración inicial con React Native. Parte 2: integración con iOS. Parte 3: despliegue y monitoreo en producción. Enfoque práctico para Mobile. Finalmente, se revisan consideraciones de rendimiento con Kotlin.",Mobile,"React Native, iOS, Firebase",Avanzado,Tutorial
61,Enfoques multi-cloud para reducir vendor lock-in,"Serie de tutoriales: Enfoques multi-cloud para reducir vendor lock-in. Parte 1: configuración inicial con S3. Parte 2: integración con multi-cloud. Parte 3: despliegue y monitoreo en producción. Enfoque práctico para Cloud. Finalmente, se revisan consideraciones de rendimiento con Cloud Functions.",Cloud,"S3, multi-cloud, alta disponibilidad, GCP, autoescalado",Intermedio,Curso online
62,Creación de componentes reutilizables en Vue.js,"Deep dive sobre Creación de componentes reutilizables en Vue.js. Analizamos arquitecturas modernas que combinan DOM y SPA. Se incluyen diagramas, flujos de trabajo y recomendaciones para escalar soluciones en Frontend. Además, se discute la integración con Vue.js.",Frontend,"DOM, SPA, accesibilidad",Intermedio,Dev.to
63,Construcción de interfaces con React y TypeScript,"Documentación técnica sobre Construcción de interfaces con React y TypeScript. Se detallan las configuraciones necesarias para SSR y React, incluyendo troubleshooting de errores frecuentes y estrategias de monitoreo.",Frontend,"SSR, React, Angular, HTML5, CSS",Básico,Dev.to
64,Arquitectura Zero Trust para empresas,"Curso intensivo de Arquitectura Zero Trust para empresas. Domina firewall, ciberseguridad y pentesting a través de proyectos prácticos. Al finalizar, serás capaz de diseñar e implementar soluciones profesionales en el área de Seguridad.",Seguridad,"firewall, ciberseguridad, pentesting",Básico,Dev.to
65,Principales vulnerabilidades OWASP Top 10,"Guía completa sobre Principales vulnerabilidades OWASP Top 10. Aprenderás a trabajar con GDPR, CSRF y auditoría desde cero. Incluye ejercicios prácticos, mejores prácticas de la industria y consejos para evitar errores comunes en proyectos de Seguridad.",Seguridad,"GDPR, CSRF, auditoría",Intermedio,Documentación oficial
66,Optimización de consultas SQL en PostgreSQL,"Tutorial avanzado de Optimización de consultas SQL en PostgreSQL. Exploramos la integración de MySQL con Spring Boot para construir soluciones robustas. Se abordan temas como optimización, seguridad y mantenimiento en entornos de producción. El contenido también cubre errores comunes al usar JWT.",Backend,"MySQL, Spring Boot, Java, Node.js, Express",Avanzado,Curso online
67,Despliegue de servicios backend con Docker Compose,"Documentación técnica sobre Despliegue de servicios backend con Docker Compose. Se detallan las configuraciones necesarias para Django y ORM, incluyendo troubleshooting de errores frecuentes y estrategias de monitoreo. Se incluyen ejemplos usando PostgreSQL y Redis.",Backend,"Django, ORM, Kubernetes, microservicios",Básico,Documentación oficial
68,Introducción a servicios serverless en AWS Lambda,"Workshop práctico: Introducción a servicios serverless en AWS Lambda. Trabajaremos con VPC, backup y S3 en un proyecto real. Se enfoca en la resolución de problemas comunes y la aplicación de patrones de diseño en Cloud. Finalmente, se revisan consideraciones de rendimiento con IAM.",Cloud,"VPC, backup, S3, GCP",Básico,Tutorial
69,Gestión de sesiones y autenticación JWT en Node.js,"En este contenido se presentan los conceptos fundamentales de Gestión de sesiones y autenticación JWT en Node.js. Se explica paso a paso cómo implementar soluciones prácticas utilizando Node.js y autenticación, con ejemplos de código y casos de uso reales. Ideal para profesionales que buscan fortalecer sus habilidades en Backend. Finalmente, se revisan consideraciones de rendimiento con Spring Boot.",Backend,"Node.js, autenticación, Docker, Go",Avanzado,Wiki interna
70,Construcción de interfaces con React y TypeScript,"Introducción práctica a Construcción de interfaces con React y TypeScript. Este material cubre desde los conceptos básicos hasta técnicas avanzadas usando JavaScript, Vue.js y Vite. Perfecto para equipos que inician proyectos de Frontend.",Frontend,"JavaScript, Vue.js, Vite, hooks, UI/UX",Avanzado,Tutorial
71,Gestión de secretos y variables en entornos cloud,"Workshop práctico: Gestión de secretos y variables en entornos cloud. Trabajaremos con despliegue, bash y AWS en un proyecto real. Se enfoca en la resolución de problemas comunes y la aplicación de patrones de diseño en DevOps. Finalmente, se revisan consideraciones de rendimiento con logs.",DevOps,"despliegue, bash, AWS, logs",Básico,Dev.to
72,Estrategias de indexación para consultas rápidas,"Serie de tutoriales: Estrategias de indexación para consultas rápidas. Parte 1: configuración inicial con MongoDB. Parte 2: integración con Cassandra. Parte 3: despliegue y monitoreo en producción. Enfoque práctico para Bases de Datos. Además, se discute la integración con consultas.",Bases de Datos,"MongoDB, Cassandra, views, triggers, backup",Intermedio,Tutorial
73,Manejo de transacciones y concurrencia en bases de datos,"En este contenido se presentan los conceptos fundamentales de Manejo de transacciones y concurrencia en bases de datos. Se explica paso a paso cómo implementar soluciones prácticas utilizando GraphQL y Java, con ejemplos de código y casos de uso reales. Ideal para profesionales que buscan fortalecer sus habilidades en Backend. Finalmente, se revisan consideraciones de rendimiento con Django.",Backend,"GraphQL, Java, FastAPI",Básico,Medium
74,Despliegue de aplicaciones en Google Cloud Run,"Curso intensivo de Despliegue de aplicaciones en Google Cloud Run. Domina alta disponibilidad, migración y Lambda a través de proyectos prácticos. Al finalizar, serás capaz de diseñar e implementar soluciones profesionales en el área de Cloud.",Cloud,"alta disponibilidad, migración, Lambda, cloud native, multi-cloud",Avanzado,Tutorial
75,Sharding horizontal en bases de datos distribuidas,"En este contenido se presentan los conceptos fundamentales de Sharding horizontal en bases de datos distribuidas. Se explica paso a paso cómo implementar soluciones prácticas utilizando indexación y transacciones, con ejemplos de código y casos de uso reales. Ideal para profesionales que buscan fortalecer sus habilidades en Bases de Datos.",Bases de Datos,"indexación, transacciones, NoSQL",Básico,Dev.to
76,Protección contra ataques SQL Injection y XSS,"En este contenido se presentan los conceptos fundamentales de Protección contra ataques SQL Injection y XSS. Se explica paso a paso cómo implementar soluciones prácticas utilizando XSS y certificados, con ejemplos de código y casos de uso reales. Ideal para profesionales que buscan fortalecer sus habilidades en Seguridad.",Seguridad,"XSS, certificados, Zero Trust",Básico,Documentación oficial
77,Feature engineering para mejorar modelos,"Introducción práctica a Feature engineering para mejorar modelos. Este material cubre desde los conceptos básicos hasta técnicas avanzadas usando clasificación, regresión y NLP. Perfecto para equipos que inician proyectos de Data Science. El contenido también cubre errores comunes al usar clasificación.",Data Science,"clasificación, regresión, NLP, visualización",Intermedio,Documentación oficial
78,Análisis exploratorio de datos con Pandas,"En este contenido se presentan los conceptos fundamentales de Análisis exploratorio de datos con Pandas. Se explica paso a paso cómo implementar soluciones prácticas utilizando Big Data y Pandas, con ejemplos de código y casos de uso reales. Ideal para profesionales que buscan fortalecer sus habilidades en Data Science. Se incluyen ejemplos usando machine learning y Python.",Data Science,"Big Data, Pandas, Matplotlib, deep learning, NumPy",Básico,Tutorial
79,Gestión de identidades y accesos con IAM,"Curso intensivo de Gestión de identidades y accesos con IAM. Domina Lambda, GCP y migración a través de proyectos prácticos. Al finalizar, serás capaz de diseñar e implementar soluciones profesionales en el área de Cloud. Finalmente, se revisan consideraciones de rendimiento con backup.",Cloud,"Lambda, GCP, migración, IAM",Avanzado,Medium
80,Clasificación de imágenes con PyTorch,"En este contenido se presentan los conceptos fundamentales de Clasificación de imágenes con PyTorch. Se explica paso a paso cómo implementar soluciones prácticas utilizando Spark y Python, con ejemplos de código y casos de uso reales. Ideal para profesionales que buscan fortalecer sus habilidades en Data Science. Se incluyen ejemplos usando Seaborn y regresión.",Data Science,"Spark, Python, Seaborn, clustering",Intermedio,Blog técnico
81,Estrategias de backup y recuperación de desastres,"Guía completa sobre Estrategias de backup y recuperación de desastres. Aprenderás a trabajar con Azure, GCP y Cloud Functions desde cero. Incluye ejercicios prácticos, mejores prácticas de la industria y consejos para evitar errores comunes en proyectos de Cloud.",Cloud,"Azure, GCP, Cloud Functions, VPC, backup",Básico,Dev.to
82,Consumo de APIs REST desde aplicaciones móviles,"Workshop práctico: Consumo de APIs REST desde aplicaciones móviles. Trabajaremos con Android, BLoC y Kotlin en un proyecto real. Se enfoca en la resolución de problemas comunes y la aplicación de patrones de diseño en Mobile.",Mobile,"Android, BLoC, Kotlin, Flutter, Firebase",Intermedio,Blog técnico
83,Modelado de datos para aplicaciones de escalabilidad masiva,"Curso intensivo de Modelado de datos para aplicaciones de escalabilidad masiva. Domina PostgreSQL, backup y ORM a través de proyectos prácticos. Al finalizar, serás capaz de diseñar e implementar soluciones profesionales en el área de Bases de Datos. Se incluyen ejemplos usando indexación y PostgreSQL.",Bases de Datos,"PostgreSQL, backup, ORM, Redis, ACID",Básico,Wiki interna
84,Optimización de costos en entornos cloud,"Artículo técnico sobre Optimización de costos en entornos cloud. Comparativa entre Lambda y migración: ventajas, desventajas y casos de uso. Incluye benchmarks y recomendaciones para elegir la herramienta adecuada en Cloud. El contenido también cubre errores comunes al usar costos.",Cloud,"Lambda, migración, Azure, multi-cloud",Básico,Medium
85,Cumplimiento normativo GDPR en aplicaciones,"Workshop práctico: Cumplimiento normativo GDPR en aplicaciones. Trabajaremos con VPN, criptografía y auditoría en un proyecto real. Se enfoca en la resolución de problemas comunes y la aplicación de patrones de diseño en Seguridad. El contenido también cubre errores comunes al usar compliance.",Seguridad,"VPN, criptografía, auditoría, vulnerabilidades",Básico,Dev.to
86,Configuración de pipelines CI/CD con GitHub Actions,"Artículo técnico sobre Configuración de pipelines CI/CD con GitHub Actions. Comparativa entre pipelines y Azure: ventajas, desventajas y casos de uso. Incluye benchmarks y recomendaciones para elegir la herramienta adecuada en DevOps.",DevOps,"pipelines, Azure, Terraform",Avanzado,Blog técnico
87,Procesamiento de Big Data con Apache Spark,"Documentación técnica sobre Procesamiento de Big Data con Apache Spark. Se detallan las configuraciones necesarias para clustering y Big Data, incluyendo troubleshooting de errores frecuentes y estrategias de monitoreo. Finalmente, se revisan consideraciones de rendimiento con clasificación.",Data Science,"clustering, Big Data, ETL, Matplotlib",Intermedio,Blog técnico
88,Análisis exploratorio de datos con Pandas,"Tutorial avanzado de Análisis exploratorio de datos con Pandas. Exploramos la integración de regresión con TensorFlow para construir soluciones robustas. Se abordan temas como optimización, seguridad y mantenimiento en entornos de producción.",Data Science,"regresión, TensorFlow, clasificación",Intermedio,Curso online
89,Implementación de encriptación de datos sensibles,"Deep dive sobre Implementación de encriptación de datos sensibles. Analizamos arquitecturas modernas que combinan Zero Trust y criptografía. Se incluyen diagramas, flujos de trabajo y recomendaciones para escalar soluciones en Seguridad. Finalmente, se revisan consideraciones de rendimiento con CSRF.",Seguridad,"Zero Trust, criptografía, OWASP, VPN",Intermedio,Wiki interna
90,Series temporales y forecasting,"Introducción práctica a Series temporales y forecasting. Este material cubre desde los conceptos básicos hasta técnicas avanzadas usando clustering, clasificación y Python. Perfecto para equipos que inician proyectos de Data Science.",Data Science,"clustering, clasificación, Python, NumPy, análisis de datos",Básico,Curso online
91,Gestión de identidades y accesos con IAM,"Workshop práctico: Gestión de identidades y accesos con IAM. Trabajaremos con VPC, costos y IAM en un proyecto real. Se enfoca en la resolución de problemas comunes y la aplicación de patrones de diseño en Cloud. Se incluyen ejemplos usando cloud native y backup.",Cloud,"VPC, costos, IAM, serverless",Avanzado,Wiki interna
92,Configuración de balanceadores de carga con Nginx,"En este contenido se presentan los conceptos fundamentales de Configuración de balanceadores de carga con Nginx. Se explica paso a paso cómo implementar soluciones prácticas utilizando Azure y monitoring, con ejemplos de código y casos de uso reales. Ideal para profesionales que buscan fortalecer sus habilidades en DevOps. Se incluyen ejemplos usando AWS y despliegue.",DevOps,"Azure, monitoring, Terraform, Docker, infraestructura como código",Básico,Documentación oficial
93,Estrategias de indexación para consultas rápidas,"Workshop práctico: Estrategias de indexación para consultas rápidas. Trabajaremos con replicación, sharding y PostgreSQL en un proyecto real. Se enfoca en la resolución de problemas comunes y la aplicación de patrones de diseño en Bases de Datos. Finalmente, se revisan consideraciones de rendimiento con migración.",Bases de Datos,"replicación, sharding, PostgreSQL, SQL",Básico,Tutorial
94,Construcción de modelos de regresión con Scikit-learn,"Introducción práctica a Construcción de modelos de regresión con Scikit-learn. Este material cubre desde los conceptos básicos hasta técnicas avanzadas usando machine learning, visualización y Scikit-learn. Perfecto para equipos que inician proyectos de Data Science. Además, se discute la integración con NLP.",Data Science,"machine learning, visualización, Scikit-learn, PyTorch, modelos",Básico,Curso online
95,Desarrollo de apps multiplataforma con Flutter,"Guía completa sobre Desarrollo de apps multiplataforma con Flutter. Aprenderás a trabajar con Android, App Store y Firebase desde cero. Incluye ejercicios prácticos, mejores prácticas de la industria y consejos para evitar errores comunes en proyectos de Mobile. Se incluyen ejemplos usando widgets y API móvil.",Mobile,"Android, App Store, Firebase",Avanzado,Tutorial
96,Estrategias de indexación para consultas rápidas,"Documentación técnica sobre Estrategias de indexación para consultas rápidas. Se detallan las configuraciones necesarias para NoSQL y ORM, incluyendo troubleshooting de errores frecuentes y estrategias de monitoreo.",Bases de Datos,"NoSQL, ORM, migración, sharding, PostgreSQL",Avanzado,Dev.to
97,Automatización de despliegues con Ansible,"Introducción práctica a Automatización de despliegues con Ansible. Este material cubre desde los conceptos básicos hasta técnicas avanzadas usando Nginx, CI/CD y Prometheus. Perfecto para equipos que inician proyectos de DevOps.",DevOps,"Nginx, CI/CD, Prometheus, bash",Avanzado,Wiki interna
98,Accesibilidad web: WCAG y buenas prácticas,"Tutorial avanzado de Accesibilidad web: WCAG y buenas prácticas. Exploramos la integración de Redux con Next.js para construir soluciones robustas. Se abordan temas como optimización, seguridad y mantenimiento en entornos de producción.",Frontend,"Redux, Next.js, SSR",Básico,Curso online
99,Consultas avanzadas con window functions,"Curso intensivo de Consultas avanzadas con window functions. Domina backup, MongoDB y transacciones a través de proyectos prácticos. Al finalizar, serás capaz de diseñar e implementar soluciones profesionales en el área de Bases de Datos.",Bases de Datos,"backup, MongoDB, transacciones, replicación",Básico,Documentación oficial
100,Arquitectura de microservicios con Go y gRPC,"Introducción práctica a Arquitectura de microservicios con Go y gRPC. Este material cubre desde los conceptos básicos hasta técnicas avanzadas usando Kubernetes, API REST y ORM. Perfecto para equipos que inician proyectos de Backend.",Backend,"Kubernetes, API REST, ORM, Django, base de datos",Intermedio,Dev.to
101,Clasificación de imágenes con PyTorch,"Deep dive sobre Clasificación de imágenes con PyTorch. Analizamos arquitecturas modernas que combinan machine learning y NumPy. Se incluyen diagramas, flujos de trabajo y recomendaciones para escalar soluciones en Data Science. El contenido también cubre errores comunes al usar Matplotlib.",Data Science,"machine learning, NumPy, deep learning, Scikit-learn",Avanzado,Curso online
102,Manejo de formularios complejos en React,"Introducción práctica a Manejo de formularios complejos en React. Este material cubre desde los conceptos básicos hasta técnicas avanzadas usando SSR, accesibilidad y TypeScript. Perfecto para equipos que inician proyectos de Frontend. Además, se discute la integración con Next.js.",Frontend,"SSR, accesibilidad, TypeScript, Tailwind, componentes",Avanzado,Tutorial
103,Creación de APIs REST escalables con Spring Boot,"Tutorial avanzado de Creación de APIs REST escalables con Spring Boot. Exploramos la integración de base de datos con GraphQL para construir soluciones robustas. Se abordan temas como optimización, seguridad y mantenimiento en entornos de producción.",Backend,"base de datos, GraphQL, Go",Intermedio,Documentación oficial
104,Manejo de formularios complejos en React,"Introducción práctica a Manejo de formularios complejos en React. Este material cubre desde los conceptos básicos hasta técnicas avanzadas usando Next.js, UI/UX y SPA. Perfecto para equipos que inician proyectos de Frontend. Finalmente, se revisan consideraciones de rendimiento con Vite.",Frontend,"Next.js, UI/UX, SPA, hooks, DOM",Intermedio,Curso online
105,Protección contra ataques SQL Injection y XSS,"Documentación técnica sobre Protección contra ataques SQL Injection y XSS. Se detallan las configuraciones necesarias para CSRF y auditoría, incluyendo troubleshooting de errores frecuentes y estrategias de monitoreo.",Seguridad,"CSRF, auditoría, vulnerabilidades, SQL injection",Intermedio,Curso online
106,Gestión de certificados SSL/TLS,"Artículo técnico sobre Gestión de certificados SSL/TLS. Comparativa entre vulnerabilidades y OWASP: ventajas, desventajas y casos de uso. Incluye benchmarks y recomendaciones para elegir la herramienta adecuada en Seguridad. Finalmente, se revisan consideraciones de rendimiento con Zero Trust.",Seguridad,"vulnerabilidades, OWASP, GDPR, compliance, XSS",Intermedio,Medium
107,Gestión de identidades y accesos con IAM,Serie de tutoriales: Gestión de identidades y accesos con IAM. Parte 1: configuración inicial con serverless. Parte 2: integración con Azure. Parte 3: despliegue y monitoreo en producción. Enfoque práctico para Cloud.,Cloud,"serverless, Azure, VPC, cloud native, alta disponibilidad",Básico,Documentación oficial
108,Sharding horizontal en bases de datos distribuidas,Serie de tutoriales: Sharding horizontal en bases de datos distribuidas. Parte 1: configuración inicial con ACID. Parte 2: integración con SQL. Parte 3: despliegue y monitoreo en producción. Enfoque práctico para Bases de Datos. Se incluyen ejemplos usando MySQL y SQL.,Bases de Datos,"ACID, SQL, Cassandra, MySQL",Intermedio,Tutorial
109,Publicación de apps en App Store y Google Play,"Deep dive sobre Publicación de apps en App Store y Google Play. Analizamos arquitecturas modernas que combinan BLoC y Kotlin. Se incluyen diagramas, flujos de trabajo y recomendaciones para escalar soluciones en Mobile. El contenido también cubre errores comunes al usar Kotlin.",Mobile,"BLoC, Kotlin, Flutter, Xcode, iOS",Básico,Medium
110,Introducción a servicios serverless en AWS Lambda,"Deep dive sobre Introducción a servicios serverless en AWS Lambda. Analizamos arquitecturas modernas que combinan autoescalado y IAM. Se incluyen diagramas, flujos de trabajo y recomendaciones para escalar soluciones en Cloud. Finalmente, se revisan consideraciones de rendimiento con Cloud Functions.",Cloud,"autoescalado, IAM, AWS, Azure, migración",Avanzado,Dev.to
111,Configuración de redes VPC en AWS,"Curso intensivo de Configuración de redes VPC en AWS. Domina S3, VPC y AWS a través de proyectos prácticos. Al finalizar, serás capaz de diseñar e implementar soluciones profesionales en el área de Cloud. Se incluyen ejemplos usando redes y redes.",Cloud,"S3, VPC, AWS, Azure",Avanzado,Tutorial
112,Diseño de esquemas relacionales eficientes,"Documentación técnica sobre Diseño de esquemas relacionales eficientes. Se detallan las configuraciones necesarias para replicación y MongoDB, incluyendo troubleshooting de errores frecuentes y estrategias de monitoreo.",Bases de Datos,"replicación, MongoDB, ORM, backup",Avanzado,Dev.to
113,Manejo de formularios complejos en React,"Documentación técnica sobre Manejo de formularios complejos en React. Se detallan las configuraciones necesarias para CSS y Vite, incluyendo troubleshooting de errores frecuentes y estrategias de monitoreo.",Frontend,"CSS, Vite, React",Intermedio,Curso online
114,Diseño de interfaces nativas en SwiftUI,"Deep dive sobre Diseño de interfaces nativas en SwiftUI. Analizamos arquitecturas modernas que combinan iOS y Firebase. Se incluyen diagramas, flujos de trabajo y recomendaciones para escalar soluciones en Mobile.",Mobile,"iOS, Firebase, Flutter, Android",Básico,Wiki interna
115,Integración de Firebase en aplicaciones Android,"Artículo técnico sobre Integración de Firebase en aplicaciones Android. Comparativa entre API móvil y BLoC: ventajas, desventajas y casos de uso. Incluye benchmarks y recomendaciones para elegir la herramienta adecuada en Mobile.",Mobile,"API móvil, BLoC, Firebase, cámara",Básico,Curso online
116,Uso de Redis como base de datos en memoria,"Serie de tutoriales: Uso de Redis como base de datos en memoria. Parte 1: configuración inicial con NoSQL. Parte 2: integración con replicación. Parte 3: despliegue y monitoreo en producción. Enfoque práctico para Bases de Datos. Finalmente, se revisan consideraciones de rendimiento con PostgreSQL.",Bases de Datos,"NoSQL, replicación, ORM, ACID, PostgreSQL",Básico,Dev.to
117,Uso de Redis como capa de caché en aplicaciones web,Serie de tutoriales: Uso de Redis como capa de caché en aplicaciones web. Parte 1: configuración inicial con Docker. Parte 2: integración con ORM. Parte 3: despliegue y monitoreo en producción. Enfoque práctico para Backend.,Backend,"Docker, ORM, FastAPI",Básico,Medium
118,Implementación de encriptación de datos sensibles,"Workshop práctico: Implementación de encriptación de datos sensibles. Trabajaremos con certificados, criptografía y CSRF en un proyecto real. Se enfoca en la resolución de problemas comunes y la aplicación de patrones de diseño en Seguridad.",Seguridad,"certificados, criptografía, CSRF",Avanzado,Medium
119,Construcción de modelos de regresión con Scikit-learn,"Serie de tutoriales: Construcción de modelos de regresión con Scikit-learn. Parte 1: configuración inicial con machine learning. Parte 2: integración con clasificación. Parte 3: despliegue y monitoreo en producción. Enfoque práctico para Data Science. Además, se discute la integración con Scikit-learn.",Data Science,"machine learning, clasificación, NLP, Matplotlib, PyTorch",Intermedio,Wiki interna
120,Criptografía asimétrica y firma digital,"Documentación técnica sobre Criptografía asimétrica y firma digital. Se detallan las configuraciones necesarias para vulnerabilidades y Zero Trust, incluyendo troubleshooting de errores frecuentes y estrategias de monitoreo.",Seguridad,"vulnerabilidades, Zero Trust, certificados, firewall",Básico,Tutorial
